"issue.date","song","artist","year"
"January 5","The Chipmunk Song (Christmas Don't Be Late) (Classic Version)","Alvin and the Chipmunks","1959"
"January 19","Smoke Gets in Your Eyes","The Platters","1959"
"February 9","Stagger Lee","The Youngbloods","1959"
"March 9","Venus","Barry Manilow","1959"
"April 13","Come Softly to Me","Bobby Vinton","1959"
"May 11","The Happy Organ","Dave ""Baby"" Cortez","1959"
"May 18","Kansas City","Wilbert Harrison","1959"
"June 1","The Battle of New Orleans","Johnny Horton","1959"
"July 13","Lonely Boy","Paul Anka","1959"
"August 10","A Big Hunk o' Love","Elvis Presley","1959"
"August 24","The Three Bells","Roy Orbison","1959"
"September 21","Sleep Walk","Santo & Johnny","1959"
"October 5","Mack the Knife","Bobby Darin","1959"
"November 16","Mr. Blue","Bobby Vinton","1959"
"December 14","Heartaches by the Number","Ray Price","1959"
"December 28","Why","Frankie Avalon","1959"
"January 4","El Paso","Marty Robbins","1960"
"January 18","Running Bear","The Youngbloods","1960"
"February 8","Teen Angel","Mark Dinning","1960"
"February 22","Theme from A Summer Place","Percy Faith","1960"
"April 25","Stuck on You","Elvis Presley","1960"
"May 23","Cathy's Clown","The Everly Brothers","1960"
"June 27","Everybody's Somebody's Fool","Connie Francis","1960"
"July 11","Alley Oop","The Beach Boys","1960"
"July 18","I'm Sorry","Brenda Lee","1960"
"August 8","Itsy Bitsy Teenie Weenie Yellow Polka Dot Bikini","Brian Hyland","1960"
"August 15","It's Now or Never","Elvis Presley","1960"
"September 19","The Twist","Chubby Checker","1960"
"September 26","My Heart Has a Mind of Its Own","Connie Francis","1960"
"October 10","Mr. Custer","Larry Verne","1960"
"October 17","Save the Last Dance for Me","The Drifters","1960"
"October 24","I Want to Be Wanted","Brenda Lee","1960"
"November 14","Georgia on My Mind","Ray Charles","1960"
"November 21","Stay","The Four Seasons","1960"
"November 28","Are You Lonesome Tonight?","Elvis Presley","1960"
"January 9","Wonderland by Night","Engelbert Humperdinck","1961"
"January 30","Will You Love Me Tomorrow","Carole King","1961"
"February 13","Calcutta","Lawrence Welk","1961"
"February 27","Pony Time","Chubby Checker","1961"
"March 20","Surrender","Elvis Presley","1961"
"April 3","Blue Moon","Frank Sinatra","1961"
"April 24","Runaway","Del Shannon","1961"
"May 22","Mother-in-Law","Herman's Hermits","1961"
"May 29","Travelin' Man","Ricky Nelson","1961"
"June 5","Running Scared","Roy Orbison","1961"
"June 19","Moody River","Frank Sinatra","1961"
"June 26","Quarter to Three","U.S. Bonds","1961"
"July 10","Tossin' and Turnin'","The Marvelettes","1961"
"August 28","Wooden Heart","Bobby Vinton","1961"
"September 4","Michael","The Highwaymen","1961"
"September 18","Take Good Care of My Baby","Bobby Vee","1961"
"October 9","Hit the Road Jack","Ray Charles","1961"
"October 23","Runaround Sue","The Overtones","1961"
"November 6","Big Bad John","Jimmy Dean","1961"
"December 11","Please Mr. Postman","The Marvelettes","1961"
"December 18","The Lion Sleeps Tonight","The Tokens","1961"
"January 27","Peppermint Twist","Sweet","1962"
"February 17","Duke of Earl","New Edition","1962"
"March 10","Hey! Baby","Anne Murray","1962"
"March 31","Don't Break the Heart That Loves You","Connie Francis","1962"
"April 7","Johnny Angel","The Carpenters","1962"
"April 21","Good Luck Charm","Elvis Presley","1962"
"May 5","Soldier Boy","The Shirelles","1962"
"May 26","Stranger on the Shore","Andy Williams","1962"
"June 2","I Can't Stop Loving You","Ray Charles","1962"
"July 7","The Stripper","David Rose","1962"
"July 14","Roses Are Red (My Love)","Bobby Vinton","1962"
"August 11","Breaking Up Is Hard to Do","Neil Sedaka","1962"
"August 25","The Loco-Motion","Carole King","1962"
"September 1","Sheila","Tommy Roe","1962"
"September 15","Sherry","The Four Seasons","1962"
"October 20","Monster Mash","Bobby Pickett","1962"
"November 3","He's a Rebel","The Crystals","1962"
"November 17","Big Girls Don't Cry","The Four Seasons","1962"
"December 22","Telstar","The Tornados","1962"
"January 12","Go Away Little Girl","Carole King","1963"
"January 26","Walk Right In","Janis Joplin","1963"
"February 9","Hey Paula","Paul & Paula","1963"
"March 2","Walk Like a Man","The Four Seasons","1963"
"March 23","Our Day Will Come","Brenda Lee","1963"
"March 30","He's So Fine","Dionne Bromfield","1963"
"April 27","I Will Follow Him","Petula Clark","1963"
"May 18","If You Wanna Be Happy","Jimmy Soul","1963"
"June 1","It's My Party","Lesley Gore","1963"
"June 15","Sukiyaki (Ue Wo Muite Arukou)","Kyu Sakamoto","1963"
"July 6","Easier Said Than Done","The Essex","1963"
"July 20","Surf City","Jan Dean","1963"
"August 3","So Much in Love","Jay The Americans","1963"
"August 10","Fingertips Part 2","Stevie Wonder","1963"
"August 31","My Boyfriend's Back","The Angels","1963"
"September 21","Blue Velvet","Bobby Vinton","1963"
"October 12","Sugar Shack","Del Shannon","1963"
"November 16","Deep Purple","Donny Osmond","1963"
"November 23","I'm Leaving It (All) Up To You","Donny Osmond","1963"
"December 7","Dominique","The Singing Nun","1963"
"January 4","There! I've Said It Again","Bobby Vinton","1964"
"February 1","I Want to Hold Your Hand","The Beatles","1964"
"March 21","She Loves You","The Beatles","1964"
"April 4","Can't Buy Me Love","The Beatles","1964"
"May 9","Hello, Dolly!","Louis Armstrong","1964"
"May 16","My Guy","Mary Wells","1964"
"May 30","Love Me Do","The Beatles","1964"
"June 6","Chapel of Love","Bette Midler","1964"
"June 27","A World Without Love","The Supremes","1964"
"July 4","I Get Around","The Beach Boys","1964"
"July 18","Rag Doll","The Four Seasons","1964"
"August 1","A Hard Day's Night","The Beatles","1964"
"August 15","Everybody Loves Somebody","Dean Martin","1964"
"August 22","Where Did Our Love Go","The Supremes","1964"
"September 5","House of the Rising Sun","The Animals","1964"
"September 26","Oh, Pretty Woman","Roy Orbison","1964"
"October 17","Do Wah Diddy Diddy","Jan Dean","1964"
"October 31","Baby Love","The Supremes","1964"
"November 28","Leader of the Pack","Bette Midler","1964"
"December 5","Ringo","Lorne Greene","1964"
"December 12","Mr. Lonely","Bobby Vinton","1964"
"December 19","Come See About Me","The Supremes","1964"
"December 26","I Feel Fine","The Beatles","1964"
"January 23","Downtown","Petula Clark","1965"
"February 6","You've Lost That Lovin' Feelin'","The Righteous Brothers","1965"
"February 20","This Diamond Ring","Del Shannon","1965"
"March 6","My Girl","The Temptations","1965"
"March 13","Eight Days a Week","The Beatles","1965"
"March 27","Stop! In the Name of Love","The Supremes","1965"
"April 10","I'm Telling You Now","Freddie and the Dreamers","1965"
"April 24","Game of Love","Wayne Fontana and the Mindbenders","1965"
"May 1","Mrs. Brown, You've Got a Lovely Daughter","Herman's Hermits","1965"
"May 22","Ticket to Ride","The Beatles","1965"
"May 29","Help Me, Rhonda","The Beach Boys","1965"
"June 12","Back in My Arms Again","The Supremes","1965"
"June 19","I Can't Help Myself (Sugar Pie Honey Bunch)","Four Tops","1965"
"June 26","Mr. Tambourine Man","The Byrds","1965"
"July 10","(I Can't Get No) Satisfaction","The Rolling Stones","1965"
"August 7","I'm Henry VIII, I Am","Herman's Hermits","1965"
"August 14","I Got You Babe","Sonny & Cher","1965"
"September 4","Help!","The Beatles","1965"
"September 25","Eve of Destruction","Barry McGuire","1965"
"October 2","Hang On Sloopy","The Supremes","1965"
"October 9","Yesterday","The Beatles","1965"
"November 6","Get Off of My Cloud","The Rolling Stones","1965"
"November 20","I Hear a Symphony","The Supremes","1965"
"December 4","Turn! Turn! Turn!","The Byrds","1965"
"December 25","Over and Over","The Dave Clark Five","1965"
"January 1","The Sound of Silence","Simon & Garfunkel","1966"
"January 8","We Can Work It Out","The Beatles","1966"
"February 5","My Love","Petula Clark","1966"
"February 19","Lightnin' Strikes","Jan Dean","1966"
"February 26","These Boots Are Made for Walkin'","Nancy Sinatra","1966"
"March 5","Ballad of the Green Berets","SSgt Barry Sadler","1966"
"April 9","(You're My) Soul and Inspiration","The Righteous Brothers","1966"
"April 30","Good Lovin'","Grateful Dead","1966"
"May 7","Monday, Monday","The Mamas & the Papas","1966"
"May 28","When a Man Loves a Woman","Percy Sledge","1966"
"June 11","Paint It Black","The Rolling Stones","1966"
"June 25","Paperback Writer","The Beatles","1966"
"July 2","Strangers in the Night","Frank Sinatra","1966"
"July 16","Hanky Panky","Tommy James and the Shondells","1966"
"July 30","Wild Thing","The Troggs","1966"
"August 13","Summer in the City","The Lovin' Spoonful","1966"
"September 3","Sunshine Superman","Donovan","1966"
"September 10","You Can't Hurry Love","The Supremes","1966"
"September 24","Cherish","The Association","1966"
"October 15","Reach Out I'll Be There","Four Tops","1966"
"October 29","96 Tears","Aretha Franklin","1966"
"November 5","Last Train to Clarksville","The Monkees","1966"
"November 12","Poor Side of Town","Johnny Rivers","1966"
"November 19","You Keep Me Hangin' On","The Supremes","1966"
"December 3","Winchester Cathedral","Frank Sinatra","1966"
"December 10","Good Vibrations","The Beach Boys","1966"
"December 31","I'm a Believer","The Monkees","1966"
"February 18","Kind of a Drag","The Buckinghams","1967"
"March 4","Ruby Tuesday","The Rolling Stones","1967"
"March 11","Love Is Here and Now You're Gone","The Supremes","1967"
"March 18","Penny Lane","The Beatles","1967"
"March 25","Happy Together","The Turtles","1967"
"April 15","Somethin' Stupid","Frank Sinatra","1967"
"May 13","The Happening","The Supremes","1967"
"May 20","Groovin'","The Rascals","1967"
"June 3","Respect","Aretha Franklin","1967"
"July 1","Windy","The Association","1967"
"July 29","Light My Fire","The Doors","1967"
"August 19","All You Need Is Love","The Beatles","1967"
"August 26","Ode to Billy Joe","Paula Cole","1967"
"September 23","The Letter","Box Tops","1967"
"October 21","To Sir With Love","Lulu","1967"
"November 25","Incense and Peppermints","Strawberry Alarm Clock","1967"
"December 2","Daydream Believer","The Monkees","1967"
"December 30","Hello, Goodbye","The Beatles","1967"
"January 20","Judy in Disguise (With Glasses)","John Fred and His Playboy Band","1968"
"February 3","Green Tambourine","The Lemon Pipers","1968"
"February 10","Love is Blue","Paul Mauriat","1968"
"March 16","(Sittin' On) The Dock of the Bay","Otis Redding","1968"
"April 13","Honey","Bobby Goldsboro","1968"
"May 18","Tighten Up","Archie Bell & the Drells","1968"
"June 1","Mrs. Robinson","Simon & Garfunkel","1968"
"June 22","This Guy's in Love with You","Herb Alpert","1968"
"July 20","Grazing in the Grass","Hugh Masekela","1968"
"August 3","Hello, I Love You","The Doors","1968"
"August 17","People Got to Be Free","The Rascals","1968"
"September 21","Harper Valley PTA","Jeannie C. Riley","1968"
"September 28","Hey Jude","The Beatles","1968"
"November 30","Love Child","Diana Ross & the Supremes","1968"
"December 14","I Heard It Through the Grapevine","Marvin Gaye","1968"
"February 1","Crimson and Clover","Tommy James and the Shondells","1969"
"February 15","Everyday People","Sly & the Family Stone","1969"
"March 15","Dizzy","Tommy Roe","1969"
"April 12","Aquarius / Let the Sunshine In","The 5th Dimension","1969"
"May 24","Get Back","The Beatles","1969"
"June 28","Love Theme from Romeo and Juliet","Henry Mancini","1969"
"July 12","In the Year 2525 (Exordium and Terminus)","Zager & Evans","1969"
"August 23","Honky Tonk Women","The Rolling Stones","1969"
"September 20","Sugar, Sugar","The Archies","1969"
"October 18","I Can't Get Next to You","The Temptations","1969"
"November 1","Suspicious Minds","Elvis Presley","1969"
"November 8","Wedding Bell Blues","The 5th Dimension","1969"
"November 29","Come Together","The Beatles","1969"
"December 6","Na Na Hey Hey Kiss Him Goodbye","Steam","1969"
"December 20","Leaving on a Jet Plane","Peter, Paul, Mary","1969"
"December 27","Someday We'll Be Together","Diana Ross and the Supremes","1969"
"January 3","Raindrops Keep Fallin' on My Head","B. J. Thomas","1970"
"January 31","I Want You Back","The Jackson 5","1970"
"February 14","Thank You (Falettinme Be Mice Elf Agin)","Sly & the Family Stone","1970"
"February 28","Bridge over Troubled Water","Simon & Garfunkel","1970"
"April 11","Let It Be","The Beatles","1970"
"April 25","ABC","The Jackson 5","1970"
"May 9","American Woman","The Guess Who","1970"
"May 30","Everything Is Beautiful","Ray Stevens","1970"
"June 13","The Long and Winding Road","The Beatles","1970"
"June 27","The Love You Save","The Jackson 5","1970"
"July 11","Mama Told Me (Not to Come)","Three Dog Night","1970"
"July 25","(They Long to Be) Close to You","The Carpenters","1970"
"August 22","Make It with You","Bread","1970"
"August 29","War","Edwin Starr","1970"
"September 19","Ain't No Mountain High Enough","Diana Ross","1970"
"October 10","Cracklin' Rosie","Neil Diamond","1970"
"October 17","I'll Be There","The Jackson 5","1970"
"November 21","I Think I Love You","The Partridge Family","1970"
"December 12","The Tears of a Clown","Smokey Robinson & the Miracles","1970"
"December 26","My Sweet Lord","George Harrison","1970"
"January 23","Knock Three Times","Tony Orlando & Dawn","1971"
"February 13","One Bad Apple","Aaron Carter","1971"
"March 20","Me Bobby McGee","Janis Joplin","1971"
"April 3","Just My Imagination (Running Away with Me)","The Temptations","1971"
"April 17","Joy to the World","Three Dog Night","1971"
"May 29","Brown Sugar","The Rolling Stones","1971"
"June 12","Want Ads","Taylor Dayne","1971"
"June 19","It's Too Late","Carole King","1971"
"July 24","Indian Reservation (The Lament of the Cherokee Reservation Indian)","Paul Revere & The Raiders","1971"
"July 31","You've Got a Friend","James Taylor","1971"
"August 7","How Can You Mend a Broken Heart","Bee Gees","1971"
"September 4","Uncle Albert/Admiral Halsey","Paul McCartney","1971"
"October 2","Maggie May","Rod Stewart","1971"
"November 6","Gypsies, Tramps And Thieves","Cher","1971"
"November 20","Theme from Shaft","Isaac Hayes","1971"
"December 4","Family Affair","Sly and the Family Stone","1971"
"December 25","Brand New Key","Deana Carter","1971"
"January 15","American Pie","Don McLean","1972"
"February 12","Let's Stay Together","Al Green","1972"
"February 19","Without You","Harry Nilsson","1972"
"March 18","Heart of Gold","Neil Young","1972"
"March 25","A Horse with No Name","America","1972"
"April 15","The First Time Ever I Saw Your Face","Roberta Flack","1972"
"May 27","Oh Girl","The Chi-Lites","1972"
"June 3","I'll Take You There","The Staple Singers","1972"
"June 10","The Candy Man","Sammy Davis Jr.","1972"
"July 1","Song Sung Blue","Neil Diamond","1972"
"July 8","Lean on Me","Bill Withers","1972"
"July 29","Alone Again (Naturally)","Gilbert O'Sullivan","1972"
"August 26","Brandy (You're a Fine Girl)","Looking Glass","1972"
"September 16","Black White","Three Dog Night","1972"
"September 23","Baby, Don't Get Hooked on Me","Mac Davis","1972"
"October 14","Ben","Michael Jackson","1972"
"October 21","My Ding-a-Ling","Chuck Berry","1972"
"November 4","I Can See Clearly Now","Johnny Nash","1972"
"December 2","Papa Was a Rollin' Stone","The Temptations","1972"
"December 9","I Am Woman","Helen Reddy","1972"
"December 16","Me and Mrs. Jones","Billy Paul","1972"
"January 6","You're So Vain","Carly Simon","1973"
"January 27","Superstition","Stevie Wonder","1973"
"February 3","Crocodile Rock","Elton John","1973"
"February 24","Killing Me Softly with His Song","Roberta Flack","1973"
"March 24","Love Train","The O'Jays","1973"
"April 7","The Night the Lights Went Out in Georgia","Reba McEntire","1973"
"April 21","Tie a Yellow Ribbon Round the Ole Oak Tree","Tony Orlando Dawn","1973"
"May 19","You Are the Sunshine of My Life","Stevie Wonder","1973"
"May 26","Frankenstein","The Edgar Winter Group","1973"
"June 30","Give Me Love (Give Me Peace on Earth)","George Harrison","1973"
"July 7","Will It Go Round in Circles","Billy Preston","1973"
"July 21","Bad, Bad Leroy Brown","Jim Croce","1973"
"August 4","The Morning After","Maureen McGovern","1973"
"August 18","Touch Me in the Morning","Diana Ross","1973"
"August 25","Brother Louie","Hot Chocolate","1973"
"September 8","Let's Get It On","Marvin Gaye","1973"
"September 15","Delta Dawn","Helen Reddy","1973"
"September 29","We're an American Band","Grand Funk Railroad","1973"
"October 6","Half-Breed","Cher","1973"
"October 20","Angie","The Rolling Stones","1973"
"October 27","Midnight Train to Georgia","Gladys Knight","1973"
"November 10","Keep on Truckin' (Part 1)","Eddie Kendricks","1973"
"November 24","Photograph","Ringo Starr","1973"
"December 1","Top of the World","The Carpenters","1973"
"December 15","The Most Beautiful Girl","Andy Williams","1973"
"December 29","Time in a Bottle","Jim Croce","1973"
"January 12","The Joker","Steve Miller Band","1974"
"January 19","Show and Tell","Johnny Mathis","1974"
"January 26","You're Sixteen (You're Beautiful and You're Mine)","Ringo Starr","1974"
"February 2","The Way We Were","Barbra Streisand","1974"
"February 9","Love's Theme","Love Unlimited Orchestra","1974"
"March 2","Seasons in the Sun","Terry Jacks","1974"
"March 23","Dark Lady","Cher","1974"
"March 30","Sunshine on My Shoulders","John Denver","1974"
"April 6","Hooked on a Feeling","Blue Swede","1974"
"April 13","Bennie and the Jets","Elton John","1974"
"April 20","TSOP (The Sound of Philadelphia)","MFSB and The Three Degrees","1974"
"May 18","The Streak","Ray Stevens","1974"
"June 8","Band on the Run","Paul McCartney and the Wings","1974"
"June 15","Billy Don't Be a Hero","Paper Lace","1974"
"June 29","Sundown","Gordon Lightfoot","1974"
"July 6","Rock the Boat","Inner Circle","1974"
"July 13","Rock Your Baby","George McCrae","1974"
"July 27","Annie's Song","John Denver","1974"
"August 10","Feel Like Makin' Love","Roberta Flack","1974"
"August 17","The Night Chicago Died","Paper Lace","1974"
"August 24","(You're) Having My Baby","Paul Anka and Odia Coates","1974"
"September 14","I Shot the Sheriff","Eric Clapton","1974"
"September 21","Can't Get Enough of Your Love, Babe","Barry White","1974"
"September 28","Rock Me Gently","Andy Kim","1974"
"October 5","I Honestly Love You","Olivia Newton-John","1974"
"October 19","Nothing From Nothing","Billy Preston","1974"
"October 26","Then Came You","Dionne Warwick and The Spinners","1974"
"November 2","You Haven't Done Nothing","Stevie Wonder","1974"
"November 9","You Ain't Seen Nothing Yet","B.T.O - Bachman-Turner Overdrive","1974"
"November 16","Whatever Gets You Through The Night","John Lennon","1974"
"November 23","I Can Help","Elvis Presley","1974"
"December 7","Kung Fu Fighting","Carl Douglas","1974"
"December 21","Cat's in the Cradle","Harry Chapin","1974"
"December 28","Angie Baby","Helen Reddy","1974"
"January 4","Lucy in the Sky with Diamonds","Elton John","1975"
"January 18","Mandy","Barry Manilow","1975"
"February 1","Laughter in the Rain","Neil Sedaka","1975"
"February 8","Fire","Ohio Players","1975"
"February 15","You're No Good","Linda Ronstadt","1975"
"February 22","Pick Up the Pieces","Average White Band","1975"
"March 1","The Best of My Love","Eagles","1975"
"March 8","Have You Never Been Mellow","Olivia Newton-John","1975"
"March 15","Black Water","The Doobie Brothers","1975"
"March 22","My Eyes Adored You","Frankie Valli","1975"
"March 29","Lady Marmalade","Labelle","1975"
"April 5","Lovin' You","Shanice","1975"
"April 12","Philadelphia Freedom","Elton John","1975"
"April 26","(Hey Won't You Play) Another Somebody Done Somebody Wrong Song","B. J. Thomas","1975"
"May 3","He Don't Love You (Like I Love You)","Tony Orlando & Dawn","1975"
"May 24","Shining Star","Earth, Wind & Fire","1975"
"May 31","Before the Next Teardrop Falls","Dolly Parton","1975"
"June 7","Thank God I'm a Country Boy","John Denver","1975"
"June 14","Sister Golden Hair","America","1975"
"June 21","Love Will Keep Us Together","Neil Sedaka","1975"
"July 19","Listen to What the Man Said","Paul McCartney and the Wings","1975"
"July 26","The Hustle","Van McCoy and the Soul City Symphony","1975"
"August 2","One of These Nights","Eagles","1975"
"August 9","Jive Talkin'","Bee Gees","1975"
"August 23","Fallin' in Love","Hamilton, Joe Frank & Reynolds","1975"
"August 30","Get Down Tonight","KC and the Sunshine Band","1975"
"September 6","Rhinestone Cowboy","Glen Campbell","1975"
"September 20","Fame","David Bowie","1975"
"October 11","Bad Blood","Neil Sedaka","1975"
"November 1","Island Girl","Elton John","1975"
"November 22","That's the Way (I Like It)","KC and the Sunshine Band","1975"
"November 29","Fly, Robin, Fly","Silver Convention","1975"
"December 27","Let's Do It Again","The Staple Singers","1975"
"January 3","Saturday Night","Bay City Rollers","1976"
"January 10","Convoy","Paul Brandt","1976"
"January 17","I Write the Songs","Barry Manilow","1976"
"January 24","Theme from Mahogany (Do You Know Where You're Going To)","Diana Ross","1976"
"January 31","Love Rollercoaster","Ohio Players","1976"
"February 7","50 Ways to Leave Your Lover","Paul Simon","1976"
"February 28","Theme from S.W.A.T.","Rhythm Heritage","1976"
"March 6","Love Machine (Part 1)","The Miracles","1976"
"March 13","December, 1963 (Oh, What a Night)","The Four Seasons","1976"
"April 3","Disco Lady","Johnnie Taylor","1976"
"May 1","Let Your Love Flow","The Bellamy Brothers","1976"
"May 8","Welcome Back","John Sebastian","1976"
"May 15","Boogie Fever","The Sylvers","1976"
"May 22","Silly Love Songs","Paul McCartney and the Wings","1976"
"May 29","Love Hangover","Diana Ross","1976"
"July 10","Afternoon Delight","Starland Vocal Band","1976"
"July 24","Kiss and Say Goodbye","The Manhattans","1976"
"August 7","Don't Go Breaking My Heart","Elton John and Kiki Dee","1976"
"September 4","You Should Be Dancing","Bee Gees","1976"
"September 11","(Shake, Shake, Shake) Shake Your Booty","KC and the Sunshine Band","1976"
"September 18","Play That Funky Music","Wild Cherry","1976"
"October 9","A Fifth of Beethoven","Walter Murphy and the Big Apple Band","1976"
"October 16","Disco Duck (Part 1)","Rick Dees and His Cast of Idiots","1976"
"October 23","If You Leave Me Now","Chicago","1976"
"November 6","Rock'n Me","Status Quo","1976"
"November 13","Tonight's the Night (Gonna Be Alright)","Rod Stewart","1976"
"January 8","You Don't Have to Be a Star (To Be in My Show)","Marilyn McCoo and Billy Davis, Jr.","1977"
"January 15","You Make Me Feel Like Dancing","Leo Sayer","1977"
"January 22","I Wish","Stevie Wonder","1977"
"January 29","Car Wash","Rose Royce","1977"
"February 5","Torn Between Two Lovers","Mary MacGregor","1977"
"February 19","Blinded by the Light","Manfred Mann's Earth Band","1977"
"February 26","New Kid in Town","Eagles","1977"
"March 5","Evergreen (Love Theme from A Star Is Born)","Barbra Streisand","1977"
"March 26","Rich Girl","Hall & Oates","1977"
"April 9","Dancing Queen","ABBA","1977"
"April 16","Don't Give Up on Us","David Soul","1977"
"April 23","Don't Leave Me This Way (Parts 1 & 2)","Teddy Pendergrass","1977"
"April 30","Southern Nights","Glen Campbell","1977"
"May 7","Hotel California","Eagles","1977"
"May 14","When I Need You","Leo Sayer","1977"
"May 21","Sir Duke","Stevie Wonder","1977"
"June 11","I'm Your Boogie Man","KC and the Sunshine Band","1977"
"June 18","Dreams","Fleetwood Mac","1977"
"June 25","Got to Give It Up","Marvin Gaye","1977"
"July 2","Gonna Fly Now (Theme From Rocky)","Bill Conti","1977"
"July 9","Undercover Angel","Alan O'Day","1977"
"July 16","Da Doo Ron Ron","The Carpenters","1977"
"July 23","Looks Like We Made It","Barry Manilow","1977"
"July 30","I Just Want to Be Your Everything","Andy Gibb","1977"
"October 1","Star Wars Theme/Cantina Band","Meco","1977"
"October 15","You Light Up My Life","Debby Boone","1977"
"December 24","How Deep Is Your Love","Bee Gees","1977"
"January 14","Baby Come Back","Player","1978"
"February 4","Stayin' Alive","Bee Gees","1978"
"March 4","(Love Is) Thicker Than Water","Andy Gibb","1978"
"March 18","Night Fever","Bee Gees","1978"
"May 13","If I Can't Have You","Bee Gees","1978"
"May 20","With a Little Luck","Paul McCartney and the Wings","1978"
"June 3","Too Much, Too Little, Too Late","Johnny Mathis and Deniece Williams","1978"
"June 10","You're the One That I Want","Olivia-Newton John","1978"
"June 17","Shadow Dancing","Andy Gibb","1978"
"August 5","Miss You","The Rolling Stones","1978"
"August 12","Three Times a Lady","Commodores","1978"
"August 26","Grease","Frankie Valli","1978"
"September 9","Boogie Oogie Oogie","A Taste of Honey","1978"
"September 30","Kiss You All Over","Exile","1978"
"October 28","Hot Child in the City","Nick Gilder","1978"
"November 4","You Needed Me","Anne Murray","1978"
"November 11","MacArthur Park","Donna Summer","1978"
"December 2","You Don't Bring Me Flowers","Barbra Streisand and Neil Diamond","1978"
"December 9","Le Freak","Chic","1978"
"January 6","Too Much Heaven","Bee Gees","1979"
"February 10","Da Ya Think I'm Sexy?","Rod Stewart","1979"
"March 10","I Will Survive","Gloria Gaynor","1979"
"March 24","Tragedy","Bee Gees","1979"
"April 14","What a Fool Believes","The Doobie Brothers","1979"
"April 21","Knock on Wood","Otis Redding","1979"
"April 28","Heart of Glass","Blondie","1979"
"May 5","Reunited","Peaches & Herb","1979"
"June 2","Hot Stuff","Donna Summer","1979"
"June 9","Love You Inside Out","Bee Gees","1979"
"June 30","Ring My Bell","Anita Ward","1979"
"July 14","Bad Girls","Donna Summer","1979"
"August 18","Good Times","Chic","1979"
"August 25","My Sharona","The Knack","1979"
"October 6","Sad Eyes","Robert John","1979"
"October 13","Don't Stop 'Til You Get Enough","Michael Jackson","1979"
"October 20","Rise","Herb Alpert","1979"
"November 3","Pop Muzik","M","1979"
"November 10","Heartache Tonight","Eagles","1979"
"November 17","Still","Commodores","1979"
"November 24","No More Tears (Enough Is Enough)","Barbra Streisand and Donna Summer","1979"
"December 8","Babe","Styx","1979"
"December 22","Escape (The Pia Colada Song)","Rupert Holmes","1979"
"January 5","Please Don't Go","KC and the Sunshine Band","1980"
"January 19","Rock with You","Michael Jackson","1980"
"February 16","Do That to Me One More Time","Captain & Tennille","1980"
"February 23","Crazy Little Thing Called Love","Queen","1980"
"March 22","Another Brick in the Wall, Part II","Pink Floyd","1980"
"April 19","Call Me","Blondie","1980"
"May 31","Funkytown","Lipps Inc.","1980"
"June 28","Coming Up","Paul McCartney","1980"
"July 19","It's Still Rock and Roll to Me","Billy Joel","1980"
"August 2","Magic","Olivia Newton-John","1980"
"August 30","Sailing","Christopher Cross","1980"
"September 6","Upside Down","Diana Ross","1980"
"October 4","Another One Bites the Dust","Queen","1980"
"October 25","Woman in Love","Barbra Streisand","1980"
"November 15","Lady","Kenny Rogers","1980"
"December 27","(Just Like) Starting Over","John Lennon","1980"
"January 31","The Tide Is High","Blondie","1981"
"February 7","Celebration","Kool & the Gang","1981"
"February 21","9 to 5","Dolly Parton","1981"
"February 28","I Love a Rainy Night","Eddie Rabbitt","1981"
"March 21","Keep On Loving You","REO Speedwagon","1981"
"March 28","Rapture","Blondie","1981"
"April 11","Kiss on My List","Hall & Oates","1981"
"May 2","Morning Train (Nine to Five)","Sheena Easton","1981"
"May 16","Bette Davis Eyes","Kim Carnes","1981"
"June 20","Stars on 45 Medley","Stars on 45","1981"
"July 25","The One That You Love","Air Supply","1981"
"August 1","Jessie's Girl","Rick Springfield","1981"
"August 15","Endless Love","Diana Ross and Lionel Richie","1981"
"October 17","Arthur's Theme (Best That You Can Do)","Christopher Cross","1981"
"November 7","Private Eyes","Hall & Oates","1981"
"November 21","Physical","Olivia Newton-John","1981"
"January 30","I Can't Go for That (No Can Do)","Hall & Oates","1982"
"February 6","Centerfold","The J. Geils Band","1982"
"March 20","I Love Rock 'n' Roll","Joan Jett and the Blackhearts","1982"
"May 8","Chariots of Fire","Vangelis","1982"
"May 15","Ebony and Ivory","Paul McCartney and Stevie Wonder","1982"
"July 3","Don't You Want Me","The Human League","1982"
"July 24","Eye of the Tiger","Survivor","1982"
"September 4","Abracadabra","Steve Miller Band","1982"
"September 11","Hard to Say I'm Sorry / Get Away","Chicago","1982"
"October 2","Jack & Diane","John Mellencamp","1982"
"October 30","Who Can It Be Now?","Men at Work","1982"
"November 6","Up Where We Belong","Joe Cocker and Jennifer Warnes","1982"
"November 27","Truly","Lionel Richie","1982"
"December 11","Mickey","Toni Basil","1982"
"December 18","Maneater","Hall & Oates","1982"
"January 15","Down Under","Men at Work","1983"
"February 5","Africa","Toto","1983"
"February 19","Baby, Come to Me","James Ingram","1983"
"March 5","Billie Jean","Michael Jackson","1983"
"April 23","Come On Eileen","Dexys Midnight Runners","1983"
"April 30","Beat It","Michael Jackson","1983"
"May 21","Let's Dance","David Bowie","1983"
"May 28","Flashdance... What a Feeling","Irene Cara","1983"
"July 9","Every Breath You Take","The Police","1983"
"September 3","Sweet Dreams (Are Made of This)","Eurythmics","1983"
"September 10","Maniac","Michael Sembello","1983"
"September 24","Tell Her About It","Billy Joel","1983"
"October 1","Total Eclipse of the Heart","Bonnie Tyler","1983"
"October 29","Islands in the Stream","Kenny Rogers and Dolly Parton","1983"
"November 12","All Night Long","Lionel Richie","1983"
"December 10","Say Say Say","Paul McCartney and Michael Jackson","1983"
"January 21","Owner of a Lonely Heart","Yes","1984"
"February 4","Karma Chameleon","Culture Club","1984"
"February 25","Jump","Van Halen","1984"
"March 31","Footloose","Kenny Loggins","1984"
"April 21","Against All Odds (Take a Look at Me Now)","Phil Collins","1984"
"May 12","Hello","Lionel Richie","1984"
"May 26","Let's Hear It for the Boy","Deniece Williams","1984"
"June 9","Time After Time","Cyndi Lauper","1984"
"June 23","The Reflex","Duran Duran","1984"
"July 7","When Doves Cry","Prince","1984"
"August 11","Ghostbusters","Ray Parker, Jr.","1984"
"September 1","What's Love Got to Do with It","Tina Turner","1984"
"September 22","Missing You","John Waite","1984"
"September 29","Let's Go Grazy","Prince and the Revolution","1984"
"October 13","I Just Called to Say I Love You","Stevie Wonder","1984"
"November 3","Caribbean Queen (No More Love on the Run)","Billy Ocean","1984"
"November 17","Wake Me Up Before You Go-Go","Wham!","1984"
"December 8","Out of Touch","Hall & Oates","1984"
"December 22","Like a Virgin","Madonna","1984"
"February 2","I Want to Know What Love Is","Foreigner","1985"
"February 16","Careless Whisper","George Michael","1985"
"March 9","Can't Fight This Feeling","REO Speedwagon","1985"
"March 30","One More Night","Phil Collins","1985"
"April 13","We're the World - USA for Africa","Michael Jackson","1985"
"May 11","Crazy for You","Madonna","1985"
"May 18","Don't You (Forget About Me)","Simple Minds","1985"
"May 25","Everything She Wants","Wham!","1985"
"June 8","Everybody Wants to Rule the World","Tears for Fears","1985"
"June 22","Heaven","Bryan Adams","1985"
"July 6","Sussudio","Phil Collins","1985"
"July 13","A View to a Kill","Duran Duran","1985"
"July 27","Everytime You Go Away","Paul Young","1985"
"August 3","Shout","Tears for Fears","1985"
"August 24","The Power of Love","Huey Lewis and the News","1985"
"September 7","St. Elmo's Fire (Man in Motion)","David Essex","1985"
"September 21","Money for Nothing","Dire Straits","1985"
"October 12","Oh Sheila","Ready for the World","1985"
"October 19","Take on Me","A-ha","1985"
"October 26","Saving All My Love for You","Whitney Houston","1985"
"November 2","Part-Time Lover","Stevie Wonder","1985"
"November 9","Miami Vice Theme","Jan Hammer","1985"
"November 16","We Built This City","Jefferson Starship","1985"
"November 30","Separate Lives","Phil Collins and Marilyn Martin","1985"
"December 7","Broken Wings","Mr. Mister","1985"
"December 21","Say You, Say Me","Lionel Richie","1985"
"January 18","That's What Friends Are For","Dionne Warwick","1986"
"February 15","How Will I Know","Whitney Houston","1986"
"March 1","Kyrie","Mr. Mister","1986"
"March 15","Sara","Jefferson Starship","1986"
"March 22","These Dreams","Heart","1986"
"March 29","Rock Me Amadeus","Falco","1986"
"April 19","Kiss","Prince and the Revolution","1986"
"May 3","Addicted to Love","Robert Palmer","1986"
"May 10","West End Girls","Pet Shop Boys","1986"
"May 17","Greatest Love of All","Whitney Houston","1986"
"June 7","Live to Tell","Madonna","1986"
"June 14","On My Own","Patti LaBelle and Michael McDonald","1986"
"July 5","There'll Be Sad Songs (To Make You Cry)","Billy Ocean","1986"
"July 12","Holding Back the Years","Simply Red","1986"
"July 19","Invisible Touch","Genesis","1986"
"July 26","Sledgehammer","Peter Gabriel","1986"
"August 2","Glory of Love","Peter Cetera","1986"
"August 16","Papa Don't Preach","Madonna","1986"
"August 30","Higher Love","Steve Winwood","1986"
"September 13","Take My Breath Away","Berlin","1986"
"September 20","Stuck with You","Huey Lewis and the News","1986"
"October 11","When I Think of You","Janet Jackson","1986"
"October 25","True Colors","Cyndi Lauper","1986"
"November 8","Amanda","Boston","1986"
"November 22","Human","The Human League","1986"
"November 29","You Give Love a Bad Name","Bon Jovi","1986"
"December 6","The Next Time I Fall","Peter Cetera and Amy Grant","1986"
"December 13","The Way It Is","Bruce Hornsby and the Range","1986"
"December 20","Walk Like an Egyptian","The Bangles","1986"
"January 17","Shake You Down","Gregory Abbott","1987"
"January 24","At This Moment","Tom Jones","1987"
"February 7","Open Your Heart","Madonna","1987"
"February 14","Livin' on a Prayer","Bon Jovi","1987"
"March 14","Jacob's Ladder","Huey Lewis and the News","1987"
"April 4","Nothing's Gonna Stop Us Now","Jefferson Starship","1987"
"April 18","I Knew You Were Waiting (For Me)","Aretha Franklin and George Michael","1987"
"May 2","(I Just) Died in Your Arms","Cutting Crew","1987"
"May 16","With or Without You","U2band","1987"
"June 13","Always","Atlantic Starr","1987"
"June 20","Head to Toe","Lisa Lisa & Cult Jam","1987"
"June 27","I Wanna Dance with Somebody","Whitney Houston","1987"
"July 11","Alone","Heart","1987"
"August 1","Shakedown","Bob Seger","1987"
"August 8","I Still Haven't Found What I'm Looking For","U2band","1987"
"August 22","Who's That Girl","Madonna","1987"
"August 29","La Bamba","Los Lobos","1987"
"September 19","I Just Can't Stop Loving You","Michael Jackson and Siedah Garrett","1987"
"September 26","Didn't We Almost Have It All","Whitney Houston","1987"
"October 10","Here I Go Again","Whitesnake","1987"
"October 17","Lost in Emotion","Lisa Lisa & Cult Jam","1987"
"October 24","Bad","Michael Jackson","1987"
"November 7","I Think We're Alone Now","Tiffany","1987"
"November 21","Mony Mony","Billy Idol","1987"
"November 28","(I've Had) The Time of My Life","Jennifer Warnes and Bill Medley","1987"
"December 5","Heaven Is a Place on Earth","Belinda Carlisle","1987"
"December 12","Faith","George Michael","1987"
"January 9","So Emotional","Whitney Houston","1988"
"January 16","Got My Mind Set on You","George Harrison","1988"
"January 23","The Way You Make Me Feel","Michael Jackson","1988"
"January 30","Need You Tonight","INXS","1988"
"February 6","Could've Been","Tiffany","1988"
"February 20","Seasons Change","Expose","1988"
"February 27","Father Figure","George Michael","1988"
"March 12","Never Gonna Give You Up","Rick Astley","1988"
"March 26","Man in the Mirror","Michael Jackson","1988"
"April 9","Get Outta My Dreams, Get into My Car","Billy Ocean","1988"
"April 23","Where Do Broken Hearts Go","Whitney Houston","1988"
"May 7","Wishing Well","Terence Trent D'Arby","1988"
"May 14","Anything for You","Gloria Estefan and Miami Sound Machine","1988"
"May 28","One More Try","George Michael","1988"
"June 18","Together Forever","Rick Astley","1988"
"June 25","Foolish Beat","Debbie Gibson","1988"
"July 2","Dirty Diana","Michael Jackson","1988"
"July 9","The Flame","Cheap Trick","1988"
"July 23","Hold On to the Nights","Richard Marx","1988"
"July 30","Roll With It","Steve Winwood","1988"
"August 27","Monkey","George Michael","1988"
"September 10","Sweet Child o' Mine","Guns N' Roses","1988"
"September 24","Don't Worry, Be Happy","Bobby McFerrin","1988"
"October 8","Love Bites","Def Leppard","1988"
"October 15","Red Red Wine","UB40","1988"
"October 22","A Groovy Kind of Love","Phil Collins","1988"
"November 5","Kokomo","The Beach Boys","1988"
"November 12","Wild, Wild West","The Escape Club","1988"
"November 19","Bad Medicine","Bon Jovi","1988"
"December 3","Baby, I Love Your Way/Freebird Medley","Will to Power","1988"
"December 10","Look Away","Chicago","1988"
"December 24","Every Rose Has Its Thorn","Poison","1988"
"January 14","My Prerogative","Bobby Brown","1989"
"January 21","Two Hearts","Phil Collins","1989"
"February 4","When I'm with You","Sheriff","1989"
"February 11","Straight Up","Paula Abdul","1989"
"March 4","Lost in Your Eyes","Debbie Gibson","1989"
"March 25","The Living Years","Mike & the Mechanics","1989"
"April 1","Eternal Flame","The Bangles","1989"
"April 8","The Look","Roxette","1989"
"April 15","She Drives Me Crazy","Fine Young Cannibals","1989"
"April 22","Like a Prayer","Madonna","1989"
"May 13","I'll Be There for You","Bon Jovi","1989"
"May 20","Forever Your Girl","Paula Abdul","1989"
"June 3","Rock On","David Essex","1989"
"June 10","Wind Beneath My Wings","Bette Midler","1989"
"June 17","I'll Be Loving You (Forever)","New Kids on the Block","1989"
"June 24","Satisfied","Richard Marx","1989"
"July 1","Baby Don't Forget My Number","Milli Vanilli","1989"
"July 8","Good Thing","Fine Young Cannibals","1989"
"July 15","If You Don't Know Me By Now","Simply Red","1989"
"July 22","Toy Soldiers","Martika","1989"
"August 5","Batdance","Prince","1989"
"August 12","Right Here Waiting","Richard Marx","1989"
"September 2","Cold Hearted","Paula Abdul","1989"
"September 9","Hangin' Tough","New Kids On the Block","1989"
"September 16","Don't Wanna Lose You","Gloria Estefan","1989"
"September 23","Girl I'm Gonna Miss You","Milli Vanilli","1989"
"October 7","Miss You Much","Janet Jackson","1989"
"November 4","Listen to Your Heart","Roxette","1989"
"November 11","When I See You Smile","Bad English","1989"
"November 25","Blame It on the Rain","Milli Vanilli","1989"
"December 9","We Didn't Start the Fire","Billy Joel","1989"
"December 23","Another Day in Paradise","Phil Collins","1989"
"January 20","How Am I Supposed to Live Without You","Michael Bolton","1990"
"February 10","Opposites Attract","Paula Abdul and The Wild Pair","1990"
"March 3","Escapade","Janet Jackson","1990"
"March 24","Black Velvet","Alannah Myles","1990"
"April 7","Love Will Lead You Back","Taylor Dayne","1990"
"April 14","I'll Be Your Everything","Tommy Page","1990"
"April 21","Nothing Compares 2 U","Sinead O'Connor","1990"
"May 19","Vogue","Madonna","1990"
"June 9","Hold On","Wilson Phillips","1990"
"June 16","It Must Have Been Love","Roxette","1990"
"June 30","Step by Step","New Kids on the Block","1990"
"July 21","She Ain't Worth It","Glenn Medeiros featuring Bobby Brown","1990"
"August 4","Vision of Love","Mariah Carey","1990"
"September 1","If Wishes Came True","Sweet Sensation","1990"
"September 8","Blaze of Glory","Jon Bon Jovi","1990"
"September 15","Release Me","Wilson Phillips","1990"
"September 29","(Can't Live Without Your) Love and Affection","Nelson","1990"
"October 6","Close to You","Maxi Priest","1990"
"October 13","Praying for Time","George Michael","1990"
"October 20","I Don't Have the Heart","James Ingram","1990"
"October 27","Black Cat","Janet Jackson","1990"
"November 3","Ice Ice Baby","Vanilla Ice","1990"
"November 10","Love Takes Time","Mariah Carey","1990"
"December 1","I'm Your Baby Tonight","Whitney Houston","1990"
"December 8","Because I Love You (The Postman Song)","Stevie B","1990"
"January 5","Justify My Love","Madonna","1991"
"January 19","Love Will Never Do (Without You)","Janet Jackson","1991"
"January 26","The First Time","Surface","1991"
"February 9","Gonna Make You Sweat (Everybody Dance Now)","C+C Music Factory featuring Freedom Williams","1991"
"February 23","All the Man That I Need","Whitney Houston","1991"
"March 9","Someday","Mariah Carey","1991"
"March 30","Coming Out of the Dark","Gloria Estefan","1991"
"April 13","I've Been Thinking About You","Londonbeat","1991"
"April 20","You're in Love","Wilson Phillips","1991"
"April 27","Baby Baby","Amy Grant","1991"
"May 11","Joyride","Roxette","1991"
"May 18","I Like the Way (The Kissing Game)","PYT","1991"
"May 25","I Don't Wanna Cry","Mariah Carey","1991"
"June 8","More Than Words","Extreme","1991"
"June 15","Rush Rush","Paula Abdul","1991"
"July 20","Unbelievable","EMF","1991"
"July 27","(Everything I Do) I Do It for You","Bryan Adams","1991"
"September 14","The Promise of a New Day","Paula Abdul","1991"
"September 21","I Adore Mi Amor","Color Me Badd","1991"
"October 12","Emotions","Mariah Carey","1991"
"November 2","Romantic","Karyn White","1991"
"November 9","Cream","Prince and the New Power Generation","1991"
"November 30","Set Adrift on Memory Bliss","P.M. Dawn","1991"
"December 7","Black or White","Michael Jackson","1991"
"January 25","All 4 Love","Color Me Badd","1992"
"February 1","Don't Let the Sun Go Down on Me","George Michael and Elton John","1992"
"February 8","I'm Too Sexy","Right Said Fred","1992"
"February 29","To Be with You","Mr. Big","1992"
"March 21","Save the Best for Last","Vanessa Williams","1992"
"July 4","Baby Got Back","Sir Mix-a-Lot","1992"
"August 8","This Used to Be My Playground","Madonna","1992"
"August 15","End of the Road","Boyz II Men","1992"
"November 14","How Do You Talk to an Angel","The Heights","1992"
"November 28","I Will Always Love You","Whitney Houston","1992"
"March 6","A Whole New World","Peabo Bryson and Regina Belle","1993"
"March 13","Informer","Snow","1993"
"May 1","Freak Me","Silk","1993"
"May 15","That's the Way Love Goes","Janet Jackson","1993"
"July 10","Weak","SWV","1993"
"July 24","(I Can't Help) Falling In Love With You","UB40","1993"
"September 11","Dreamlover","Mariah Carey","1993"
"November 6","I'd Do Anything for Love (But I Won't Do That)","Meat Loaf","1993"
"December 11","Again","Janet Jackson","1993"
"December 25","Hero","Mariah Carey","1993"
"January 22","All for Love","Bryan Adams and Rod Stewart and Sting","1994"
"March 12","The Sign","Ace of Base","1994"
"April 9","Bump n' Grind","R. Kelly","1994"
"May 21","I Swear","All-4-One","1994"
"August 6","Stay (I Missed You)","New Found Glory","1994"
"August 27","I'll Make Love to You","Boyz II Men","1994"
"December 3","On Bended Knee","Boyz II Men","1994"
"December 17","Here Comes the Hotstepper","Ini Kamoze","1994"
"January 28","Creep","TLC","1995"
"February 25","Take a Bow","Madonna","1995"
"April 15","This Is How We Do It","Montell Jordan","1995"
"June 3","Have You Ever Really Loved a Woman?","Bryan Adams","1995"
"July 8","Waterfalls","TLC","1995"
"August 26","Kiss from a Rose","Seal","1995"
"September 2","You Are Not Alone","Michael Jackson","1995"
"September 9","Gangsta's Paradise","Coolio featuring L.V.","1995"
"September 30","Fantasy","Mariah Carey","1995"
"November 25","Exhale (Shoop Shoop)","Whitney Houston","1995"
"December 2","One Sweet Day","Mariah Carey and Boyz II Men","1995"
"March 23","Because You Loved Me","Celine Dion","1996"
"May 4","Always Be My Baby","Mariah Carey","1996"
"May 18","Tha Crossroads","Bone Thugs-n-Harmony","1996"
"July 13","How Do You Want It","2Pac featuring K-Ci & JoJo / featuring Dr. Dre and Roger Troutman","1996"
"July 27","You're Makin' Me High","Toni Braxton","1996"
"August 3","Macarena"" (Bayside Boys Mix","Los Del Rio","1996"
"November 9","No Diggity","Blackstreet featuring Dr. Dre","1996"
"December 7","Un-Break My Heart","Toni Braxton","1996"
"February 22","Wannabe","Spice Girls","1997"
"March 22","Can't Nobody Hold Me Down","Puff Daddy featuring Mase","1997"
"May 3","Hypnotize","The Notorious B.I.G.","1997"
"May 24","MMMBop","Hanson","1997"
"June 14","I'll Be Missing You","Puff Daddy and Faith Evans featuring 112","1997"
"August 30","Mo Money Mo Problems","The Notorious B.I.G. featuring Puff Daddy and Mase","1997"
"October 4","4 Seasons of Loneliness","Boyz II Men","1997"
"October 11","Candle in the Wind","Elton John","1997"
"January 3","Something About the Way You Look Tonight","Elton John","1998"
"January 17","Truly Madly Deeply","Savage Garden","1998"
"January 31","Together Again","Janet Jackson","1998"
"February 14","Nice & Slow","Usher","1998"
"February 28","My Heart Will Go On","Celine Dion","1998"
"March 14","Gettin' Jiggy wit It","Will Smith","1998"
"April 4","All My Life","K-Ci & JoJo","1998"
"April 25","Too Close","Next","1998"
"May 23","My All","Mariah Carey","1998"
"June 6","The Boy Is Mine","Brandy and Monica","1998"
"September 5","I Don't Want to Miss a Thing","Aerosmith","1998"
"October 3","The First Night","Monica","1998"
"October 17","One Week","Barenaked Ladies","1998"
"November 14","Doo Wop (That Thing)","Lauryn Hill","1998"
"November 28","Lately","Divine","1998"
"December 5","I'm Your Angel","R. Kelly and Céline Dion","1998"
"January 16","Have You Ever?","Brandy","1999"
"January 30","...Baby One More Time","Britney Spears","1999"
"February 13","Angel of Mine","Monica","1999"
"March 13","Believe","Cher","1999"
"April 10","No Scrubs","TLC","1999"
"May 8","Livin' la Vida Loca","Ricky Martin","1999"
"June 12","If You Had My Love","Jennifer Lopez","1999"
"July 17","Bills, Bills, Bills","Destiny's Child","1999"
"July 24","Wild Wild West","Will Smith featuring Dru Hill and Kool Moe Dee","1999"
"July 31","Genie in a Bottle","Christina Aguilera","1999"
"September 4","Bailamos","Enrique Iglesias","1999"
"September 18","Unpretty","TLC","1999"
"October 9","Heartbreaker","Mariah Carey featuring Jay-Z","1999"
"October 23","Smooth","Santana featuring Rob Thomas","1999"
"January 15","What a Girl Wants","Christina Aguilera","2000"
"January 29","I Knew I Loved You","Savage Garden","2000"
"February 19","Thanks God I Found You","Mariah Carey featuring Joe and 98 Degrees","2000"
"March 4","Amazed","Lonestar","2000"
"March 18","Say My Name","Destiny's Child","2000"
"April 8","Maria Maria","Santana featuring The Product G&B","2000"
"June 17","Try Again","Aaliyah","2000"
"June 24","Be with You","Enrique Iglesias","2000"
"July 15","Everything You Want","Vertical Horizon","2000"
"July 22","Bent","Matchbox 20","2000"
"July 29","It's Gonna Be Me","NSYNC","2000"
"August 12","Incomplete","Sisqo","2000"
"August 26","Doesn't Really Matter","Janet Jackson","2000"
"September 16","Music","Madonna","2000"
"October 14","Come on Over (All I Want Is You) (Radio Edit)","Christina Aguilera","2000"
"November 11","With Arms Wide Open","Creed","2000"
"November 18","Independent Women","Destiny's Child","2000"
"February 3","It Wasn't Me","Shaggy featuring Ricardo ""RikRok"" Ducent","2001"
"February 17","Ms. Jackson","OutKast","2001"
"February 24","Stutter","Joe featuring Mystikal","2001"
"March 24","Butterfly","Crazy Town","2001"
"March 31","Angel","Janet Jackson","2001"
"April 14","All for You","Janet","2001"
"July 7","U Remind Me","Christina Aguilera featuring Lil' Kim, Mya and Pink","2001"
"August 4","Bootylicious","Destiny's Child","2001"
"August 18","Fallin'","Alicia Keys","2001"
"September 8","I'm Real (Remix)","Jennifer Lopez featuring Ja Rule","2001"
"December 15","U Got It Bad","Usher","2001"
"December 22","How You Remind Me","Nickelback","2001"
"February 23","Always on Time","Ja Rule featuring Ashanti","2002"
"March 9","Ain't It Funny","Jennifer Lopez featuring Ja Rule","2002"
"April 20","Foolish","Ashanti","2002"
"June 29","Hot in Herre","Nelly","2002"
"August 17","Dilemma","Nelly featuring Kelly Rowland","2002"
"October 5","A Moment Like This","Kelly Clarkson","2002"
"November 9","Lose Yourself","Eminem","2002"
"February 1","Bump, Bump, Bump","B2K featuring P. Diddy","2003"
"February 8","All I Have","Jennifer Lopez featuring LL Cool J","2003"
"March 8","In da Club","50 Cent","2003"
"May 10","Get Busy","Sean Paul","2003"
"May 31","21 Questions","50 Cent featuring Nate Dogg","2003"
"June 28","This Is the Night","Clay Aiken","2003"
"July 12","Crazy in Love","Beyonce Knowles","2003"
"September 6","Shake Ya Tailfeather","Nelly featuring P. Diddy and Murphy Lee","2003"
"October 4","Baby Boy","Beyonce Knowles featuring Sean Paul","2003"
"December 6","Stand Up","Ludacris featuring Shawnna","2003"
"December 13","Hey Ya!","OutKast","2003"
"February 14","The Way You Move","OutKast featuring Sleepy Brown","2004"
"February 21","Slow Jamz","Twista featuring Kanye West and Jamie Foxx","2004"
"February 28","Yeah!","Usher featuring Lil Jon and Ludacris","2004"
"May 22","Burn","Usher","2004"
"July 10","I Believe","Fantasia Barrino","2004"
"July 24","Confessions Part II","Usher","2004"
"August 7","Slow Motion","Juvenile featuring Soulja Slim","2004"
"August 21","Lean Back","Terror Squad","2004"
"September 11","Goodies","Ciara featuring Petey Pablo","2004"
"October 30","My Boo","Usher and Alicia Keys","2004"
"December 11","Drop It Like It's Hot","Snoop Dogg featuring Pharrell","2004"
"January 1","Let Me Love You","Mario","2005"
"March 5","Candy Shop","50 Cent featuring Olivia","2005"
"May 7","Hollaback Girl","Gwen Stefani","2005"
"June 4","We Belong Together","Mariah Carey","2005"
"July 2","Inside Your Heaven","Carrie Underwood","2005"
"September 17","Gold Digger","Kanye West featuring Jamie Foxx","2005"
"November 26","Run It!","Chris Brown","2005"
"December 31","Don't Forget About Us","Mariah Carey","2005"
"January 14","Laffy Taffy","D4L","2006"
"January 21","Grillz","Nelly featuring Paul Wall, Ali & Gipp","2006"
"February 4","Check on It","Beyonce Knowles featuring Slim Thug","2006"
"March 11","You're Beautiful","James Blunt","2006"
"March 18","So Sick","Ne-Yo","2006"
"April 1","Temperature","Sean Paul","2006"
"April 8","Bad Day","Daniel Powter","2006"
"May 13","S.O.S. (Rescue Me)","Rihanna","2006"
"June 3","Ridin'","Chamillionaire featuring Krayzie Bone","2006"
"June 17","Hips Don't Lie","Shakira featuring Wyclef Jean","2006"
"July 1","Do I Make You Proud","Taylor Hicks","2006"
"July 8","Promiscuous","Nelly Furtado featuring Timbaland","2006"
"August 19","London Bridge","Fergie","2006"
"September 9","SexyBack","Justin Timberlake","2006"
"October 28","Money Maker","Ludacris featuring Pharrell","2006"
"December 2","I Wanna Love You","Akon featuring Snoop Dogg","2006"
"December 16","Irreplaceable","Beyonce Knowles","2006"
"February 24","Say It Right","Nelly Furtado","2007"
"March 3","What Goes Around...Comes Around (Interlude)","Justin Timberlake","2007"
"March 10","This Is Why I'm Hot","Mims","2007"
"March 24","Glamorous","Fergie featuring Ludacris","2007"
"April 7","Don't Matter","Akon","2007"
"April 21","Give It to Me","Timbaland featuring Nelly Furtado and Justin Timberlake","2007"
"May 5","Girlfriend","Avril Lavigne","2007"
"May 12","Makes Me Wonder","Maroon 5","2007"
"May 26","Buy U a Drank (Shawty Snappin')","T-Pain featuring Yung Joc","2007"
"June 9","Umbrella","Rihanna featuring Jay-Z","2007"
"July 28","Hey There Delilah","Plain White T's","2007"
"August 11","Beautiful Girls","Sean Kingston","2007"
"September 15","Crank Dat (Soulja Boy)","Soulja Boy","2007"
"September 29","Stronger","Kanye West","2007"
"November 10","Kiss Kiss","Chris Brown featuring T-Pain","2007"
"December 1","No One","Alicia Keys","2007"
"January 5","Low","Flo Rida featuring T-Pain","2008"
"March 15","Love in This Club","Usher featuring Young Jeezy","2008"
"April 5","Bleeding Love","Leona Lewis","2008"
"April 12","Touch My Body","Mariah Carey","2008"
"May 3","Lollipop","Lil Wayne featuring Static Major","2008"
"June 28","Viva la Vida","Coldplay","2008"
"July 5","I Kissed a Girl","Katy Perry","2008"
"August 23","Disturbia","Rihanna","2008"
"September 6","Whatever You Like","T.I.","2008"
"September 27","So What","Pink","2008"
"October 18","Live Your Life","T.I. featuring Rihanna","2008"
"October 25","Womanizer","Britney Spears","2008"
"December 13","Single Ladies (Put a Ring on It)","Beyonce Knowles","2008"
"January 17","Just Dance","Lady Gaga featuring Colby O'Donis","2009"
"February 7","My Life Would Suck Without You","Kelly Clarkson","2009"
"February 21","Crack a Bottle","Eminem featuring Dr. Dre and 50 Cent","2009"
"February 28","Right Round","Flo Rida","2009"
"April 11","Poker Face","Lady Gaga","2009"
"April 18","Boom Boom Pow","The Black Eyed Peas","2009"
"July 11","I Gotta Feelin'","The Black Eyed Peas","2009"
"October 17","Down","Jay Sean featuring Lil Wayne","2009"
"October 24","3","Britney Spears","2009"
"November 7","Fireflies","Owl City","2009"
"November 14","Whatcha Say","Jason Derulo","2009"
"November 28","Empire State of Mind","Jay-Z and Alicia Keys","2009"
"January 2","Tik Tok","Keha","2010"
"March 6","Imma Be","The Black Eyed Peas","2010"
"March 20","Break Your Heart","Taio Cruz featuring Ludacris","2010"
"March 27","Rude Boy","Rihanna","2010"
"May 1","Nothin' on You","B.o.B featuring Bruno Mars","2010"
"May 15","OMG","Usher featuring will.i.am","2010"
"May 22","Not Afraid","Eminem","2010"
"June 19","California Gurls","Katy Perry featuring Snoop Dogg","2010"
"July 31","Love the Way You Lie","Eminem featuring Rihanna","2010"
"September 18","Teenage Dream","Katy Perry","2010"
"October 2","Just the Way You Are","Bruno Mars","2010"
"October 30","Like a G6","Far East Movement featuring The Cataracs and Dev","2010"
"November 13","We R Who We R","Keha","2010"
"November 20","What's My Name?","Rihanna featuring Drake","2010"
"December 4","Only Girl (In the World)","Rihanna","2010"
"December 11","Raise Your Glass","Pink","2010"
"December 18","Firework","Katy Perry","2010"
"January 8","Grenade","Bruno Mars","2011"
"January 29","Hold It Against Me","Britney Spears","2011"
"February 19","Black and Yellow","Wiz Khalifa","2011"
"February 26","Born This Way","Lady Gaga","2011"
"April 9","E.T.","Katy Perry featuring Kanye West","2011"
"April 30","SM","Rihanna featuring Britney Spears[25]","2011"
"May 21","Rolling in the Deep","Adele","2011"
"July 9","Give Me Everything","Pitbull featuring Ne-Yo, Afrojack and Nayer","2011"
"July 16","Party Rock Anthem","LMFAO featuring Lauren Bennett and GoonRock","2011"
"August 27","Last Friday Night (T.G.I.F.)","Katy Perry","2011"
"September 10","Moves Like Jagger","Maroon 5 featuring Christina Aguilera","2011"
"September 17","Someone Like You","Adele","2011"
"November 12","We Found Love","Rihanna featuring Calvin Harris","2011"
"January 7","Sexy and I Know It","LMFAO","2012"
"February 4","Set Fire to the Rain","Adele","2012"
"February 18","What Doesn't Kill You (Stronger)","Kelly Clarkson","2012"
"March 3","Part of Me","Katy Perry","2012"
"March 17","We Are Young","Fun featuring Janelle Monáe","2012"
"April 28","Somebody That I Used to Know","Gotye featuring Kimbra","2012"
"June 23","Call Me Maybe","Carly Rae Jepsen","2012"
"August 25","Whistle","Flo Rida","2012"
"September 1","We Are Never Ever Getting Back Together","Taylor Swift","2012"
"December 1","Diamonds","Rihanna","2012"
"December 22","Locked Out of Heaven","Bruno Mars","2012"
"February 2","Thrift Shop","Macklemore and Ryan Lewis featuring Wanz","2013"
"March 2","Harlem Shake","Baauer","2013"
"April 20","When I Was Your Man","Bruno Mars","2013"
"April 27","Just Give Me a Reason","Pink featuring Nate Ruess","2013"
"May 18","Can't Hold Us","Macklemore and Ryan Lewis featuring Ray Dalton","2013"
"June 22","Blurred Lines","Robin Thicke featuring T.I. and Pharrell","2013"
"September 14","Roar","Katy Perry","2013"
"September 28","Wrecking Ball","Miley Cyrus","2013"
"October 12","Royals","Lorde","2013"
"December 21","The Monster","Eminem featuring Rihanna","2013"
"January 18","Timber","Pitbull featuring Kesha","2014"
"February 8","Dark Horse","Katy Perry featuring Juicy J","2014"
"March 8","Happy","Pharrell Williams","2014"
"May 17","All of Me","John Legend","2014"
"June 7","Fancy","Iggy Azalea featuring Charli XCX","2014"
"July 26","Rude","Magic!","2014"
"September 6","Shake It Off","Taylor Swift","2014"
"September 20","All About That Bass","Meghan Trainor","2014"
"November 29","Blank Space","Taylor Swift","2014"
"January 17","Uptown Funk","Mark Ronson featuring Bruno Mars","2015"
"April 25","See You Again","Wiz Khalifa featuring Charlie Puth","2015"
"July 25","Cheerleader","Omi","2015"
"August 22","I Can't Feel My Face","The Weeknd","2015"
"September 19","What Do You Mean?","Justin Bieber","2015"
"October 3","The Hills","The Weeknd","2015"
"January 23","Sorry","Justin Bieber","2016"
"February 13","Love Yourself","Justin Bieber","2016"
"February 20","Pillowtalk","Zayn Malik","2016"
"March 5","Work","Rihanna featuring Drake","2016"
"May 7","Panda","Desiigner","2016"
"May 21","One Dance","Drake featuring Wizkid and Kyla","2016"
"May 28","Can't Stop the Feeling!","Justin Timberlake","2016"
"August 6","Cheap Thrills","Sia featuring Sean Paul","2016"
"September 3","Closer","The Chainsmokers featuring Halsey","2016"
"November 26","Black Beatles","Rae Sremmurd featuring Gucci Mane","2016"
"January 7","Starboy","The Weeknd featuring Daft Punk","2017"
"January 21","Bad and Boujee","Migos featuring Lil Uzi Vert","2017"
"January 28","Shape of You","Ed Sheeran","2017"
"May 6","Humble","Kendrick Lamar","2017"
"May 13","That's What I Like","Bruno Mars","2017"
"May 20","I'm the One","DJ Khaled featuring Justin Bieber, Quavo, Chance the Rapper and Lil Wayne","2017"
"May 27","Despacito","Luis Fonsi and Daddy Yankee featuring Justin Bieber","2017"
"September 16","Look What You Made Me Do","Taylor Swift","2017"
"October 7","Bodak Yellow","Cardi B","2017"
"October 28","Rockstar","Post Malone featuring 21 Savage","2017"
"December 23","Perfect","Ed Sheeran","2017"
"January 27","Havana","Camila Cabello featuring Young Thug","2018"
"February 3","God's Plan","Drake","2018"
"April 21","Nice for What","Drake","2018"
"May 19","This Is America","Childish Gambino","2018"
"June 16","Psycho","Post Malone featuring Ty Dolla Sign","2018"
"June 30","Sad!","XXXTentacion","2018"
"July 7","I Like It","Cardi B, Bad Bunny and J Balvin","2018"
"July 21","In My Feelings","Drake","2018"
"September 29","Girls Like You","Maroon 5 featuring Cardi B","2018"
"November 17","Thank U, Next","Ariana Grande","2018"
"December 8","Sicko Mode","Travis Scott","2018"
"November 29","Something","The Beatles","1969"
"February 14","Everybody Is a Star","Sly & the Family Stone","1970"
"May 9","No Sugar Tonight / New Mother Nature","The Guess Who","1970"
"June 13","For You Blue","The Beatles","1970"
"December 26","Isn't It a Pity (Version 1)","George Harrison","1970"
"June 19","I Feel the Earth Move","Carole King","1971"
"October 2","Reason to Believe","Rod Stewart","1971"
"July 13","California Love","2Pac featuring K-Ci & JoJo / featuring Dr. Dre and Roger Troutman","1996"
"July 27","Let It Flow","Toni Braxton","1996"
"January 3","Candle in the Wind 1997","Elton John","1998"
